product,avg_forecast,safety_stock,reorder_point
Milk,101.07892060792331,87.31770217089966,592.7123052105162
Bread,101.13975512254508,92.06574286859355,597.764518481319
Rice,121.01933341979696,83.56665112399742,688.6633182229823
